{
    "rmse": 0.7792751900072985,
    "mae": 0.6346393140215264,
    "r2": 0.07075076214053855
}