{
    "rmse": 0.7101256616480354,
    "mae": 0.5694492471164138,
    "r2": 0.22834899167799083
}