{
    "rmse": 0.793096331074973,
    "mae": 0.48199218750000006,
    "r2": 0.03749632640455891
}